{
  "hash": "f73cac26",
  "configHash": "483d3c29",
  "lockfileHash": "199fbfc4",
  "browserHash": "bb9423a0",
  "optimized": {
    "@angular/common": {
      "src": "../../../../../../node_modules/@angular/common/fesm2022/common.mjs",
      "file": "@angular_common.js",
      "fileHash": "6ff2b598",
      "needsInterop": false
    },
    "@angular/common/http": {
      "src": "../../../../../../node_modules/@angular/common/fesm2022/http.mjs",
      "file": "@angular_common_http.js",
      "fileHash": "228042bd",
      "needsInterop": false
    },
    "@angular/core": {
      "src": "../../../../../../node_modules/@angular/core/fesm2022/core.mjs",
      "file": "@angular_core.js",
      "fileHash": "c1b629f4",
      "needsInterop": false
    },
    "@angular/forms": {
      "src": "../../../../../../node_modules/@angular/forms/fesm2022/forms.mjs",
      "file": "@angular_forms.js",
      "fileHash": "ad85d456",
      "needsInterop": false
    },
    "@angular/platform-browser": {
      "src": "../../../../../../node_modules/@angular/platform-browser/fesm2022/platform-browser.mjs",
      "file": "@angular_platform-browser.js",
      "fileHash": "6bc41caf",
      "needsInterop": false
    },
    "@angular/router": {
      "src": "../../../../../../node_modules/@angular/router/fesm2022/router.mjs",
      "file": "@angular_router.js",
      "fileHash": "ddc8246a",
      "needsInterop": false
    },
    "angular-calendar": {
      "src": "../../../../../../node_modules/angular-calendar/fesm2020/angular-calendar.mjs",
      "file": "angular-calendar.js",
      "fileHash": "ae02332c",
      "needsInterop": false
    },
    "angular-calendar/date-adapters/date-fns": {
      "src": "../../../../../../node_modules/angular-calendar/date-adapters/esm/date-fns/index.js",
      "file": "angular-calendar_date-adapters_date-fns.js",
      "fileHash": "133d3eae",
      "needsInterop": false
    },
    "rxjs": {
      "src": "../../../../../../node_modules/rxjs/dist/esm5/index.js",
      "file": "rxjs.js",
      "fileHash": "7007235e",
      "needsInterop": false
    }
  },
  "chunks": {
    "chunk-KJUBAJVF": {
      "file": "chunk-KJUBAJVF.js"
    },
    "chunk-7MYSG5V7": {
      "file": "chunk-7MYSG5V7.js"
    },
    "chunk-T7GX6ZJB": {
      "file": "chunk-T7GX6ZJB.js"
    },
    "chunk-VO4H6ZNK": {
      "file": "chunk-VO4H6ZNK.js"
    },
    "chunk-4J2EDNPA": {
      "file": "chunk-4J2EDNPA.js"
    },
    "chunk-UXQ2CSKB": {
      "file": "chunk-UXQ2CSKB.js"
    }
  }
}