{
  "hash": "7e73716e",
  "configHash": "1a094cee",
  "lockfileHash": "a4ef036e",
  "browserHash": "09190005",
  "optimized": {
    "@angular/common": {
      "src": "../../../../../../node_modules/@angular/common/fesm2022/common.mjs",
      "file": "@angular_common.js",
      "fileHash": "1ecf30f7",
      "needsInterop": false
    },
    "@angular/common/http": {
      "src": "../../../../../../node_modules/@angular/common/fesm2022/http.mjs",
      "file": "@angular_common_http.js",
      "fileHash": "fe81fc80",
      "needsInterop": false
    },
    "@angular/core": {
      "src": "../../../../../../node_modules/@angular/core/fesm2022/core.mjs",
      "file": "@angular_core.js",
      "fileHash": "d7eda356",
      "needsInterop": false
    },
    "@angular/forms": {
      "src": "../../../../../../node_modules/@angular/forms/fesm2022/forms.mjs",
      "file": "@angular_forms.js",
      "fileHash": "27b4b40c",
      "needsInterop": false
    },
    "@angular/platform-browser": {
      "src": "../../../../../../node_modules/@angular/platform-browser/fesm2022/platform-browser.mjs",
      "file": "@angular_platform-browser.js",
      "fileHash": "76d5ce44",
      "needsInterop": false
    },
    "@angular/router": {
      "src": "../../../../../../node_modules/@angular/router/fesm2022/router.mjs",
      "file": "@angular_router.js",
      "fileHash": "786ed1e9",
      "needsInterop": false
    },
    "angular-calendar": {
      "src": "../../../../../../node_modules/angular-calendar/fesm2020/angular-calendar.mjs",
      "file": "angular-calendar.js",
      "fileHash": "76903651",
      "needsInterop": false
    },
    "angular-calendar/date-adapters/date-fns": {
      "src": "../../../../../../node_modules/angular-calendar/date-adapters/esm/date-fns/index.js",
      "file": "angular-calendar_date-adapters_date-fns.js",
      "fileHash": "6914114d",
      "needsInterop": false
    }
  },
  "chunks": {
    "chunk-ISPSL4GV": {
      "file": "chunk-ISPSL4GV.js"
    },
    "chunk-TID3PUC7": {
      "file": "chunk-TID3PUC7.js"
    },
    "chunk-4LNLWYYT": {
      "file": "chunk-4LNLWYYT.js"
    },
    "chunk-KOZKAVEZ": {
      "file": "chunk-KOZKAVEZ.js"
    },
    "chunk-UXQ2CSKB": {
      "file": "chunk-UXQ2CSKB.js"
    }
  }
}