{
  "$schema": "./node_modules/@angular/service-worker/config/schema.json",
  "index": "/index/html",
  "assetGroups": [
    {
      "name": "app",
      "installMode": "prefetch",
      "resources": {
        "files": [
          "@/favicon.ico",
          "index.html",
          "/manifest.webmanifest",
          "/*.css",
          "/*.js"
        ]
      }
    },
    {
      "name": "assets",
      "installMode": "lazy",
      "updateMode": "prefetch",
      "resources": {
        "files": [
          "/assets/**",
          "/*.(svg | jpg |jpeg |png | apng | webp |avif |gif |ttf | woff | woff2)"
        ]
      }
    }
  ],
  "dataGroups": [
    {
      "name": "api-user",
      "urls": ["/api/user"],
      "cacheConfig": {
        "maxSize": 100,
        "maxAge": "5d"
      }
    }
  ],
  "navigationUrls": ["/**"]
}
